Readable,Epoch,Train_Loss,IN_PSNR,OUT_PSNR,IN_SSIM,OUT_SSIM,PSNR_Diff
Radius 2 | Fibre: False | Axis: X | Norm: No,1,30.7795,32.49,33.24,0.93,0.94,0.75
Radius 2 | Fibre: False | Axis: X | Norm: No,2,20.3929,32.49,33.15,0.93,0.94,0.6599999999999966
Radius 2 | Fibre: False | Axis: X | Norm: No,3,19.8402,32.49,33.27,0.93,0.93,0.7800000000000011
Radius 2 | Fibre: False | Axis: X | Norm: No,4,19.6516,32.49,33.3,0.93,0.94,0.8099999999999952
Radius 2 | Fibre: False | Axis: X | Norm: No,5,18.6877,32.49,33.29,0.93,0.94,0.7999999999999972
Radius 2 | Fibre: False | Axis: X | Norm: No,6,18.2201,32.49,33.31,0.93,0.94,0.8200000000000003
Radius 2 | Fibre: False | Axis: X | Norm: No,7,17.9464,32.49,33.34,0.93,0.94,0.8500000000000014
Radius 2 | Fibre: False | Axis: X | Norm: No,8,17.4735,32.49,33.21,0.93,0.94,0.7199999999999989
Radius 2 | Fibre: False | Axis: X | Norm: No,9,17.2059,32.49,33.33,0.93,0.94,0.8399999999999963
Radius 2 | Fibre: False | Axis: X | Norm: No,10,17.0933,32.49,33.15,0.93,0.94,0.6599999999999966
Radius 2 | Fibre: False | Axis: X | Norm: No,11,16.8676,32.49,32.98,0.93,0.93,0.4899999999999949
Radius 2 | Fibre: False | Axis: X | Norm: No,12,16.5722,32.49,32.46,0.93,0.94,-0.030000000000001137
Radius 2 | Fibre: False | Axis: X | Norm: No,13,16.21,32.49,33.32,0.93,0.94,0.8299999999999983
Radius 2 | Fibre: False | Axis: X | Norm: No,14,16.0605,32.49,33.33,0.93,0.94,0.8399999999999963
Radius 2 | Fibre: False | Axis: X | Norm: No,15,15.9596,32.49,33.33,0.93,0.94,0.8399999999999963
Radius 2 | Fibre: False | Axis: X | Norm: No,16,15.7049,32.49,32.89,0.93,0.94,0.3999999999999986
Radius 2 | Fibre: False | Axis: X | Norm: No,17,15.6224,32.49,33.09,0.93,0.93,0.6000000000000014
Radius 2 | Fibre: False | Axis: X | Norm: No,18,15.4226,32.49,33.2,0.93,0.94,0.7100000000000009
Radius 2 | Fibre: False | Axis: X | Norm: No,19,15.3435,32.49,33.31,0.93,0.94,0.8200000000000003
Radius 2 | Fibre: False | Axis: X | Norm: No,20,15.2641,32.49,31.67,0.93,0.93,-0.8200000000000003
Radius 2 | Fibre: False | Axis: X | Norm: No,21,15.1576,32.49,33.23,0.93,0.93,0.7399999999999949
Radius 2 | Fibre: False | Axis: X | Norm: No,22,14.9728,32.49,33.25,0.93,0.94,0.759999999999998
Radius 2 | Fibre: False | Axis: X | Norm: No,23,14.9714,32.49,33.24,0.93,0.93,0.75
Radius 2 | Fibre: False | Axis: X | Norm: No,24,14.8173,32.49,33.17,0.93,0.93,0.6799999999999997
Radius 2 | Fibre: False | Axis: X | Norm: No,25,14.7658,32.49,33.17,0.93,0.93,0.6799999999999997
Radius 2 | Fibre: False | Axis: X | Norm: No,26,14.64,32.49,33.29,0.93,0.94,0.7999999999999972
Radius 2 | Fibre: False | Axis: X | Norm: No,27,14.7507,32.49,33.1,0.93,0.93,0.6099999999999994
Radius 2 | Fibre: False | Axis: X | Norm: No,28,14.5474,32.49,33.09,0.93,0.94,0.6000000000000014
Radius 2 | Fibre: False | Axis: X | Norm: No,29,14.4337,32.49,33.09,0.93,0.93,0.6000000000000014
Radius 2 | Fibre: False | Axis: X | Norm: No,30,14.3957,32.49,33.17,0.93,0.93,0.6799999999999997
Radius 2 | Fibre: False | Axis: X | Norm: No,31,14.4981,32.49,33.24,0.93,0.94,0.75
Radius 2 | Fibre: False | Axis: X | Norm: No,32,14.201,32.49,32.99,0.93,0.93,0.5
Radius 2 | Fibre: False | Axis: X | Norm: No,33,14.151,32.49,33.03,0.93,0.93,0.5399999999999991
Radius 2 | Fibre: False | Axis: X | Norm: No,34,14.3934,32.49,32.96,0.93,0.93,0.46999999999999886
Radius 2 | Fibre: False | Axis: X | Norm: No,35,13.9862,32.49,33.2,0.93,0.94,0.7100000000000009
Radius 2 | Fibre: False | Axis: X | Norm: No,36,14.4471,32.49,32.95,0.93,0.93,0.46000000000000085
Radius 2 | Fibre: False | Axis: X | Norm: No,37,13.9698,32.49,33.06,0.93,0.94,0.5700000000000003
Radius 2 | Fibre: False | Axis: X | Norm: No,38,13.8865,32.49,33.12,0.93,0.94,0.6299999999999955
Radius 2 | Fibre: False | Axis: X | Norm: No,39,13.8622,32.49,33.11,0.93,0.94,0.6199999999999974
Radius 2 | Fibre: False | Axis: X | Norm: No,40,13.8503,32.49,33.02,0.93,0.93,0.5300000000000011
Radius 2 | Fibre: False | Axis: X | Norm: No,41,13.7274,32.49,33.01,0.93,0.93,0.519999999999996
Radius 2 | Fibre: False | Axis: X | Norm: No,42,13.8331,32.49,33.13,0.93,0.93,0.6400000000000006
Radius 2 | Fibre: False | Axis: X | Norm: No,43,13.758,32.49,33.02,0.93,0.93,0.5300000000000011
Radius 2 | Fibre: False | Axis: X | Norm: No,44,13.5746,32.49,33.04,0.93,0.93,0.5499999999999972
Radius 2 | Fibre: False | Axis: X | Norm: No,45,13.5465,32.49,33.08,0.93,0.94,0.5899999999999963
Radius 2 | Fibre: False | Axis: X | Norm: No,46,13.5268,32.49,33.04,0.93,0.93,0.5499999999999972
Radius 2 | Fibre: False | Axis: X | Norm: No,47,13.4987,32.49,32.99,0.93,0.93,0.5
Radius 2 | Fibre: False | Axis: X | Norm: No,48,13.443,32.49,32.99,0.93,0.93,0.5
Radius 2 | Fibre: False | Axis: X | Norm: No,49,13.3842,32.49,32.97,0.93,0.93,0.4799999999999969
Radius 2 | Fibre: False | Axis: X | Norm: No,50,13.3816,32.49,32.99,0.93,0.94,0.5
Radius 2 | Fibre: False | Axis: X | Norm: Yes,1,0.0004,32.49,32.9,0.93,0.93,0.4099999999999966
Radius 2 | Fibre: False | Axis: X | Norm: Yes,2,0.0003,32.49,33.08,0.93,0.94,0.5899999999999963
Radius 2 | Fibre: False | Axis: X | Norm: Yes,3,0.0003,32.49,32.82,0.93,0.93,0.3299999999999983
Radius 2 | Fibre: False | Axis: X | Norm: Yes,4,0.0003,32.49,32.78,0.93,0.89,0.28999999999999915
Radius 2 | Fibre: False | Axis: X | Norm: Yes,5,0.0003,32.49,33.0,0.93,0.94,0.509999999999998
Radius 2 | Fibre: False | Axis: X | Norm: Yes,6,0.0003,32.49,33.08,0.93,0.94,0.5899999999999963
Radius 2 | Fibre: False | Axis: X | Norm: Yes,7,0.0003,32.49,33.08,0.93,0.94,0.5899999999999963
Radius 2 | Fibre: False | Axis: X | Norm: Yes,8,0.0003,32.49,33.13,0.93,0.94,0.6400000000000006
Radius 2 | Fibre: False | Axis: X | Norm: Yes,9,0.0003,32.49,33.19,0.93,0.94,0.6999999999999957
Radius 2 | Fibre: False | Axis: X | Norm: Yes,10,0.0003,32.49,32.96,0.93,0.93,0.46999999999999886
Radius 2 | Fibre: False | Axis: X | Norm: Yes,11,0.0003,32.49,32.85,0.93,0.93,0.35999999999999943
Radius 2 | Fibre: False | Axis: X | Norm: Yes,12,0.0003,32.49,33.03,0.93,0.93,0.5399999999999991
Radius 2 | Fibre: False | Axis: X | Norm: Yes,13,0.0003,32.49,32.96,0.93,0.93,0.46999999999999886
Radius 2 | Fibre: False | Axis: X | Norm: Yes,14,0.0002,32.49,33.01,0.93,0.93,0.519999999999996
Radius 2 | Fibre: False | Axis: X | Norm: Yes,15,0.0002,32.49,33.02,0.93,0.93,0.5300000000000011
Radius 2 | Fibre: False | Axis: X | Norm: Yes,16,0.0002,32.49,33.01,0.93,0.93,0.519999999999996
Radius 2 | Fibre: False | Axis: X | Norm: Yes,17,0.0002,32.49,33.05,0.93,0.93,0.5599999999999952
Radius 2 | Fibre: False | Axis: X | Norm: Yes,18,0.0002,32.49,33.03,0.93,0.93,0.5399999999999991
Radius 2 | Fibre: False | Axis: X | Norm: Yes,19,0.0002,32.49,33.13,0.93,0.93,0.6400000000000006
Radius 2 | Fibre: False | Axis: X | Norm: Yes,20,0.0002,32.49,32.97,0.93,0.93,0.4799999999999969
Radius 2 | Fibre: False | Axis: X | Norm: Yes,21,0.0002,32.49,33.07,0.93,0.93,0.5799999999999983
Radius 2 | Fibre: False | Axis: X | Norm: Yes,22,0.0002,32.49,33.1,0.93,0.93,0.6099999999999994
Radius 2 | Fibre: False | Axis: X | Norm: Yes,23,0.0002,32.49,33.06,0.93,0.93,0.5700000000000003
Radius 2 | Fibre: False | Axis: X | Norm: Yes,24,0.0002,32.49,33.03,0.93,0.93,0.5399999999999991
Radius 2 | Fibre: False | Axis: X | Norm: Yes,25,0.0002,32.49,33.02,0.93,0.93,0.5300000000000011
Radius 2 | Fibre: False | Axis: X | Norm: Yes,26,0.0002,32.49,33.14,0.93,0.93,0.6499999999999986
Radius 2 | Fibre: False | Axis: X | Norm: Yes,27,0.0002,32.49,33.05,0.93,0.93,0.5599999999999952
Radius 2 | Fibre: False | Axis: X | Norm: Yes,28,0.0002,32.49,33.07,0.93,0.93,0.5799999999999983
Radius 2 | Fibre: False | Axis: X | Norm: Yes,29,0.0002,32.49,32.94,0.93,0.93,0.44999999999999574
Radius 2 | Fibre: False | Axis: X | Norm: Yes,30,0.0002,32.49,33.03,0.93,0.93,0.5399999999999991
Radius 2 | Fibre: False | Axis: X | Norm: Yes,31,0.0002,32.49,33.05,0.93,0.93,0.5599999999999952
Radius 2 | Fibre: False | Axis: X | Norm: Yes,32,0.0002,32.49,33.03,0.93,0.93,0.5399999999999991
Radius 2 | Fibre: False | Axis: X | Norm: Yes,33,0.0002,32.49,32.96,0.93,0.93,0.46999999999999886
Radius 2 | Fibre: False | Axis: X | Norm: Yes,34,0.0002,32.49,32.97,0.93,0.93,0.4799999999999969
Radius 2 | Fibre: False | Axis: X | Norm: Yes,35,0.0002,32.49,33.13,0.93,0.93,0.6400000000000006
Radius 2 | Fibre: False | Axis: X | Norm: Yes,36,0.0002,32.49,32.93,0.93,0.93,0.4399999999999977
Radius 2 | Fibre: False | Axis: X | Norm: Yes,37,0.0002,32.49,32.98,0.93,0.93,0.4899999999999949
Radius 2 | Fibre: False | Axis: X | Norm: Yes,38,0.0002,32.49,32.97,0.93,0.93,0.4799999999999969
Radius 2 | Fibre: False | Axis: X | Norm: Yes,39,0.0002,32.49,32.86,0.93,0.93,0.36999999999999744
Radius 2 | Fibre: False | Axis: X | Norm: Yes,40,0.0002,32.49,32.94,0.93,0.93,0.44999999999999574
Radius 2 | Fibre: False | Axis: X | Norm: Yes,41,0.0002,32.49,32.83,0.93,0.93,0.3399999999999963
Radius 2 | Fibre: False | Axis: X | Norm: Yes,42,0.0002,32.49,32.92,0.93,0.93,0.4299999999999997
Radius 2 | Fibre: False | Axis: X | Norm: Yes,43,0.0002,32.49,33.04,0.93,0.93,0.5499999999999972
Radius 2 | Fibre: False | Axis: X | Norm: Yes,44,0.0002,32.49,32.91,0.93,0.93,0.4199999999999946
Radius 2 | Fibre: False | Axis: X | Norm: Yes,45,0.0002,32.49,32.8,0.93,0.93,0.30999999999999517
Radius 2 | Fibre: False | Axis: X | Norm: Yes,46,0.0002,32.49,33.02,0.93,0.93,0.5300000000000011
Radius 2 | Fibre: False | Axis: X | Norm: Yes,47,0.0002,32.49,32.91,0.93,0.93,0.4199999999999946
Radius 2 | Fibre: False | Axis: X | Norm: Yes,48,0.0002,32.49,33.0,0.93,0.93,0.509999999999998
Radius 2 | Fibre: False | Axis: X | Norm: Yes,49,0.0002,32.49,32.95,0.93,0.93,0.46000000000000085
Radius 2 | Fibre: False | Axis: X | Norm: Yes,50,0.0002,32.49,33.04,0.93,0.93,0.5499999999999972
Radius 5 | Fibre: False | Axis: X | Norm: No,1,55.0665,32.17,33.25,0.93,0.94,1.0799999999999983
Radius 5 | Fibre: False | Axis: X | Norm: No,2,20.3028,32.17,33.43,0.93,0.94,1.259999999999998
Radius 5 | Fibre: False | Axis: X | Norm: No,3,19.4212,32.17,33.71,0.93,0.94,1.5399999999999991
Radius 5 | Fibre: False | Axis: X | Norm: No,4,18.2037,32.17,33.02,0.93,0.94,0.8500000000000014
Radius 5 | Fibre: False | Axis: X | Norm: No,5,17.2557,32.17,33.77,0.93,0.94,1.6000000000000014
Radius 5 | Fibre: False | Axis: X | Norm: No,6,17.3686,32.17,33.75,0.93,0.94,1.5799999999999983
Radius 5 | Fibre: False | Axis: X | Norm: No,7,15.9466,32.17,33.78,0.93,0.95,1.6099999999999994
Radius 5 | Fibre: False | Axis: X | Norm: No,8,15.2931,32.17,33.82,0.93,0.94,1.6499999999999986
Radius 5 | Fibre: False | Axis: X | Norm: No,9,16.0854,32.17,33.74,0.93,0.94,1.5700000000000003
Radius 5 | Fibre: False | Axis: X | Norm: No,10,14.6238,32.17,33.74,0.93,0.94,1.5700000000000003
Radius 5 | Fibre: False | Axis: X | Norm: No,11,14.459,32.17,33.69,0.93,0.94,1.519999999999996
Radius 5 | Fibre: False | Axis: X | Norm: No,12,14.4578,32.17,33.75,0.93,0.94,1.5799999999999983
Radius 5 | Fibre: False | Axis: X | Norm: No,13,14.6785,32.17,33.75,0.93,0.94,1.5799999999999983
Radius 5 | Fibre: False | Axis: X | Norm: No,14,14.01,32.17,33.81,0.93,0.94,1.6400000000000006
Radius 5 | Fibre: False | Axis: X | Norm: No,15,13.6849,32.17,30.59,0.93,0.94,-1.5800000000000018
Radius 5 | Fibre: False | Axis: X | Norm: No,16,13.2714,32.17,33.74,0.93,0.94,1.5700000000000003
Radius 5 | Fibre: False | Axis: X | Norm: No,17,13.3471,32.17,33.66,0.93,0.94,1.4899999999999949
Radius 5 | Fibre: False | Axis: X | Norm: No,18,12.9644,32.17,33.69,0.93,0.94,1.519999999999996
Radius 5 | Fibre: False | Axis: X | Norm: No,19,12.7919,32.17,33.69,0.93,0.94,1.519999999999996
Radius 5 | Fibre: False | Axis: X | Norm: No,20,13.1395,32.17,33.6,0.93,0.94,1.4299999999999997
Radius 5 | Fibre: False | Axis: X | Norm: No,21,12.394,32.17,33.7,0.93,0.94,1.5300000000000011
Radius 5 | Fibre: False | Axis: X | Norm: No,22,12.1707,32.17,33.66,0.93,0.94,1.4899999999999949
Radius 5 | Fibre: False | Axis: X | Norm: No,23,12.0875,32.17,33.65,0.93,0.94,1.4799999999999969
Radius 5 | Fibre: False | Axis: X | Norm: No,24,11.7708,32.17,33.66,0.93,0.94,1.4899999999999949
Radius 5 | Fibre: False | Axis: X | Norm: No,25,11.9487,32.17,33.65,0.93,0.94,1.4799999999999969
Radius 5 | Fibre: False | Axis: X | Norm: No,26,11.5531,32.17,33.68,0.93,0.94,1.509999999999998
Radius 5 | Fibre: False | Axis: X | Norm: No,27,11.6801,32.17,33.61,0.93,0.94,1.4399999999999977
Radius 5 | Fibre: False | Axis: X | Norm: No,28,11.3766,32.17,33.55,0.93,0.94,1.3799999999999955
Radius 5 | Fibre: False | Axis: X | Norm: No,29,11.1467,32.17,33.57,0.93,0.94,1.3999999999999986
Radius 5 | Fibre: False | Axis: X | Norm: No,30,11.1075,32.17,33.54,0.93,0.94,1.3699999999999974
Radius 5 | Fibre: False | Axis: X | Norm: No,31,10.9614,32.17,33.61,0.93,0.94,1.4399999999999977
Radius 5 | Fibre: False | Axis: X | Norm: No,32,10.9554,32.17,33.49,0.93,0.94,1.3200000000000003
Radius 5 | Fibre: False | Axis: X | Norm: No,33,12.2428,32.17,33.54,0.93,0.94,1.3699999999999974
Radius 5 | Fibre: False | Axis: X | Norm: No,34,11.0568,32.17,33.57,0.93,0.94,1.3999999999999986
Radius 5 | Fibre: False | Axis: X | Norm: No,35,10.4616,32.17,33.48,0.93,0.94,1.3099999999999952
Radius 5 | Fibre: False | Axis: X | Norm: No,36,10.7532,32.17,33.6,0.93,0.94,1.4299999999999997
Radius 5 | Fibre: False | Axis: X | Norm: No,37,10.448,32.17,33.59,0.93,0.94,1.4200000000000017
Radius 5 | Fibre: False | Axis: X | Norm: No,38,10.4739,32.17,33.44,0.93,0.94,1.269999999999996
Radius 5 | Fibre: False | Axis: X | Norm: No,39,10.4209,32.17,33.51,0.93,0.94,1.3399999999999963
Radius 5 | Fibre: False | Axis: X | Norm: No,40,10.1658,32.17,33.46,0.93,0.94,1.2899999999999991
Radius 5 | Fibre: False | Axis: X | Norm: No,41,10.3577,32.17,33.5,0.93,0.94,1.3299999999999983
Radius 5 | Fibre: False | Axis: X | Norm: No,42,10.0613,32.17,33.47,0.93,0.94,1.2999999999999972
Radius 5 | Fibre: False | Axis: X | Norm: No,43,10.1616,32.17,33.19,0.93,0.94,1.019999999999996
Radius 5 | Fibre: False | Axis: X | Norm: No,44,10.0928,32.17,33.44,0.93,0.94,1.269999999999996
Radius 5 | Fibre: False | Axis: X | Norm: No,45,10.0059,32.17,33.45,0.93,0.94,1.2800000000000011
Radius 5 | Fibre: False | Axis: X | Norm: No,46,9.6424,32.17,33.45,0.93,0.94,1.2800000000000011
Radius 5 | Fibre: False | Axis: X | Norm: No,47,9.8692,32.17,33.5,0.93,0.94,1.3299999999999983
Radius 5 | Fibre: False | Axis: X | Norm: No,48,10.0373,32.17,33.46,0.93,0.94,1.2899999999999991
Radius 5 | Fibre: False | Axis: X | Norm: No,49,9.421,32.17,33.45,0.93,0.94,1.2800000000000011
Radius 5 | Fibre: False | Axis: X | Norm: No,50,9.6542,32.17,33.43,0.93,0.94,1.259999999999998
Radius 5 | Fibre: False | Axis: X | Norm: Yes,1,0.0005,32.17,33.3,0.93,0.94,1.1299999999999955
Radius 5 | Fibre: False | Axis: X | Norm: Yes,2,0.0003,32.17,33.48,0.93,0.94,1.3099999999999952
Radius 5 | Fibre: False | Axis: X | Norm: Yes,3,0.0003,32.17,33.42,0.93,0.94,1.25
Radius 5 | Fibre: False | Axis: X | Norm: Yes,4,0.0003,32.17,33.58,0.93,0.94,1.4099999999999966
Radius 5 | Fibre: False | Axis: X | Norm: Yes,5,0.0002,32.17,33.5,0.93,0.94,1.3299999999999983
Radius 5 | Fibre: False | Axis: X | Norm: Yes,6,0.0002,32.17,33.45,0.93,0.94,1.2800000000000011
Radius 5 | Fibre: False | Axis: X | Norm: Yes,7,0.0002,32.17,33.55,0.93,0.94,1.3799999999999955
Radius 5 | Fibre: False | Axis: X | Norm: Yes,8,0.0002,32.17,33.39,0.93,0.94,1.2199999999999989
Radius 5 | Fibre: False | Axis: X | Norm: Yes,9,0.0002,32.17,33.42,0.93,0.94,1.25
Radius 5 | Fibre: False | Axis: X | Norm: Yes,10,0.0002,32.17,33.06,0.93,0.9,0.8900000000000006
Radius 5 | Fibre: False | Axis: X | Norm: Yes,11,0.0002,32.17,33.34,0.93,0.93,1.1700000000000017
Radius 5 | Fibre: False | Axis: X | Norm: Yes,12,0.0002,32.17,33.35,0.93,0.94,1.1799999999999997
Radius 5 | Fibre: False | Axis: X | Norm: Yes,13,0.0002,32.17,33.3,0.93,0.94,1.1299999999999955
Radius 5 | Fibre: False | Axis: X | Norm: Yes,14,0.0002,32.17,33.36,0.93,0.94,1.1899999999999977
Radius 5 | Fibre: False | Axis: X | Norm: Yes,15,0.0002,32.17,33.45,0.93,0.94,1.2800000000000011
Radius 5 | Fibre: False | Axis: X | Norm: Yes,16,0.0002,32.17,33.27,0.93,0.93,1.1000000000000014
Radius 5 | Fibre: False | Axis: X | Norm: Yes,17,0.0002,32.17,33.41,0.93,0.94,1.2399999999999949
Radius 5 | Fibre: False | Axis: X | Norm: Yes,18,0.0002,32.17,33.35,0.93,0.94,1.1799999999999997
Radius 5 | Fibre: False | Axis: X | Norm: Yes,19,0.0002,32.17,33.27,0.93,0.94,1.1000000000000014
Radius 5 | Fibre: False | Axis: X | Norm: Yes,20,0.0002,32.17,32.76,0.93,0.93,0.5899999999999963
Radius 5 | Fibre: False | Axis: X | Norm: Yes,21,0.0002,32.17,33.29,0.93,0.93,1.1199999999999974
Radius 5 | Fibre: False | Axis: X | Norm: Yes,22,0.0002,32.17,33.31,0.93,0.93,1.1400000000000006
Radius 5 | Fibre: False | Axis: X | Norm: Yes,23,0.0002,32.17,33.24,0.93,0.93,1.0700000000000003
Radius 5 | Fibre: False | Axis: X | Norm: Yes,24,0.0002,32.17,33.16,0.93,0.93,0.9899999999999949
Radius 5 | Fibre: False | Axis: X | Norm: Yes,25,0.0002,32.17,33.22,0.93,0.93,1.0499999999999972
Radius 5 | Fibre: False | Axis: X | Norm: Yes,26,0.0002,32.17,33.28,0.93,0.94,1.1099999999999994
Radius 5 | Fibre: False | Axis: X | Norm: Yes,27,0.0002,32.17,33.34,0.93,0.94,1.1700000000000017
Radius 5 | Fibre: False | Axis: X | Norm: Yes,28,0.0002,32.17,33.23,0.93,0.93,1.0599999999999952
Radius 5 | Fibre: False | Axis: X | Norm: Yes,29,0.0002,32.17,33.33,0.93,0.94,1.1599999999999966
Radius 5 | Fibre: False | Axis: X | Norm: Yes,30,0.0002,32.17,33.04,0.93,0.92,0.8699999999999974
Radius 5 | Fibre: False | Axis: X | Norm: Yes,31,0.0002,32.17,33.21,0.93,0.94,1.0399999999999991
Radius 5 | Fibre: False | Axis: X | Norm: Yes,32,0.0002,32.17,33.26,0.93,0.94,1.0899999999999963
Radius 5 | Fibre: False | Axis: X | Norm: Yes,33,0.0002,32.17,32.8,0.93,0.93,0.6299999999999955
Radius 5 | Fibre: False | Axis: X | Norm: Yes,34,0.0002,32.17,33.25,0.93,0.94,1.0799999999999983
Radius 5 | Fibre: False | Axis: X | Norm: Yes,35,0.0002,32.17,33.3,0.93,0.94,1.1299999999999955
Radius 5 | Fibre: False | Axis: X | Norm: Yes,36,0.0002,32.17,33.08,0.93,0.91,0.9099999999999966
Radius 5 | Fibre: False | Axis: X | Norm: Yes,37,0.0002,32.17,33.22,0.93,0.94,1.0499999999999972
Radius 5 | Fibre: False | Axis: X | Norm: Yes,38,0.0002,32.17,33.2,0.93,0.93,1.0300000000000011
Radius 5 | Fibre: False | Axis: X | Norm: Yes,39,0.0002,32.17,33.09,0.93,0.93,0.9200000000000017
Radius 5 | Fibre: False | Axis: X | Norm: Yes,40,0.0002,32.17,33.07,0.93,0.93,0.8999999999999986
Radius 5 | Fibre: False | Axis: X | Norm: Yes,41,0.0002,32.17,32.98,0.93,0.93,0.8099999999999952
Radius 5 | Fibre: False | Axis: X | Norm: Yes,42,0.0002,32.17,33.16,0.93,0.94,0.9899999999999949
Radius 5 | Fibre: False | Axis: X | Norm: Yes,43,0.0002,32.17,33.14,0.93,0.93,0.9699999999999989
Radius 5 | Fibre: False | Axis: X | Norm: Yes,44,0.0001,32.17,33.13,0.93,0.94,0.9600000000000009
Radius 5 | Fibre: False | Axis: X | Norm: Yes,45,0.0001,32.17,33.1,0.93,0.93,0.9299999999999997
Radius 5 | Fibre: False | Axis: X | Norm: Yes,46,0.0001,32.17,33.16,0.93,0.94,0.9899999999999949
Radius 5 | Fibre: False | Axis: X | Norm: Yes,47,0.0001,32.17,33.11,0.93,0.93,0.9399999999999977
Radius 5 | Fibre: False | Axis: X | Norm: Yes,48,0.0001,32.17,33.18,0.93,0.94,1.009999999999998
Radius 5 | Fibre: False | Axis: X | Norm: Yes,49,0.0002,32.17,33.06,0.93,0.93,0.8900000000000006
Radius 5 | Fibre: False | Axis: X | Norm: Yes,50,0.0001,32.17,33.1,0.93,0.93,0.9299999999999997
Radius 5 | Fibre: False | Axis: Y | Norm: No,1,34.7197,31.69,33.06,0.93,0.94,1.370000000000001
Radius 5 | Fibre: False | Axis: Y | Norm: No,2,19.3711,31.69,33.15,0.93,0.94,1.4599999999999973
Radius 5 | Fibre: False | Axis: Y | Norm: No,3,18.5552,31.69,33.25,0.93,0.94,1.5599999999999987
Radius 5 | Fibre: False | Axis: Y | Norm: No,4,17.7516,31.69,33.23,0.93,0.94,1.5399999999999956
Radius 5 | Fibre: False | Axis: Y | Norm: No,5,16.5479,31.69,33.28,0.93,0.94,1.5899999999999999
Radius 5 | Fibre: False | Axis: Y | Norm: No,6,16.1818,31.69,33.27,0.93,0.94,1.5800000000000018
Radius 5 | Fibre: False | Axis: Y | Norm: No,7,15.6419,31.69,33.07,0.93,0.94,1.379999999999999
Radius 5 | Fibre: False | Axis: Y | Norm: No,8,15.839,31.69,32.75,0.93,0.94,1.0599999999999987
Radius 5 | Fibre: False | Axis: Y | Norm: No,9,15.3874,31.69,33.26,0.93,0.94,1.5699999999999967
Radius 5 | Fibre: False | Axis: Y | Norm: No,10,15.1429,31.69,33.27,0.93,0.94,1.5800000000000018
Radius 5 | Fibre: False | Axis: Y | Norm: No,11,14.8414,31.69,33.13,0.93,0.94,1.4400000000000013
Radius 5 | Fibre: False | Axis: Y | Norm: No,12,14.859,31.69,33.2,0.93,0.93,1.5100000000000016
Radius 5 | Fibre: False | Axis: Y | Norm: No,13,14.3076,31.69,33.22,0.93,0.94,1.5299999999999976
Radius 5 | Fibre: False | Axis: Y | Norm: No,14,14.6351,31.69,33.18,0.93,0.94,1.4899999999999984
Radius 5 | Fibre: False | Axis: Y | Norm: No,15,14.2044,31.69,33.24,0.93,0.94,1.5500000000000007
Radius 5 | Fibre: False | Axis: Y | Norm: No,16,14.07,31.69,33.19,0.93,0.93,1.4999999999999964
Radius 5 | Fibre: False | Axis: Y | Norm: No,17,14.225,31.69,33.13,0.93,0.93,1.4400000000000013
Radius 5 | Fibre: False | Axis: Y | Norm: No,18,13.8352,31.69,33.11,0.93,0.93,1.4199999999999982
Radius 5 | Fibre: False | Axis: Y | Norm: No,19,13.8165,31.69,33.22,0.93,0.94,1.5299999999999976
Radius 5 | Fibre: False | Axis: Y | Norm: No,20,13.9252,31.69,33.14,0.93,0.94,1.4499999999999993
Radius 5 | Fibre: False | Axis: Y | Norm: No,21,13.763,31.69,33.16,0.93,0.93,1.4699999999999953
Radius 5 | Fibre: False | Axis: Y | Norm: No,22,13.6557,31.69,33.19,0.93,0.93,1.4999999999999964
Radius 5 | Fibre: False | Axis: Y | Norm: No,23,13.4379,31.69,33.1,0.93,0.93,1.4100000000000001
Radius 5 | Fibre: False | Axis: Y | Norm: No,24,13.306,31.69,33.09,0.93,0.93,1.4000000000000021
Radius 5 | Fibre: False | Axis: Y | Norm: No,25,13.4235,31.69,33.12,0.93,0.93,1.4299999999999962
Radius 5 | Fibre: False | Axis: Y | Norm: No,26,13.2426,31.69,33.06,0.93,0.93,1.370000000000001
Radius 5 | Fibre: False | Axis: Y | Norm: No,27,13.1467,31.69,33.19,0.93,0.94,1.4999999999999964
Radius 5 | Fibre: False | Axis: Y | Norm: No,28,13.2804,31.69,33.01,0.93,0.93,1.3199999999999967
Radius 5 | Fibre: False | Axis: Y | Norm: No,29,12.9692,31.69,33.15,0.93,0.94,1.4599999999999973
Radius 5 | Fibre: False | Axis: Y | Norm: No,30,12.8673,31.69,33.06,0.93,0.93,1.370000000000001
Radius 5 | Fibre: False | Axis: Y | Norm: No,31,12.9534,31.69,33.09,0.93,0.93,1.4000000000000021
Radius 5 | Fibre: False | Axis: Y | Norm: No,32,12.864,31.69,33.11,0.93,0.93,1.4199999999999982
Radius 5 | Fibre: False | Axis: Y | Norm: No,33,13.1416,31.69,33.0,0.93,0.93,1.3099999999999987
Radius 5 | Fibre: False | Axis: Y | Norm: No,34,12.9182,31.69,33.13,0.93,0.94,1.4400000000000013
Radius 5 | Fibre: False | Axis: Y | Norm: No,35,12.7586,31.69,32.85,0.93,0.94,1.1600000000000001
Radius 5 | Fibre: False | Axis: Y | Norm: No,36,13.0156,31.69,33.02,0.93,0.93,1.3300000000000018
Radius 5 | Fibre: False | Axis: Y | Norm: No,37,12.5299,31.69,33.04,0.93,0.94,1.3499999999999979
Radius 5 | Fibre: False | Axis: Y | Norm: No,38,12.531,31.69,32.87,0.93,0.94,1.1799999999999962
Radius 5 | Fibre: False | Axis: Y | Norm: No,39,12.6278,31.69,33.0,0.93,0.93,1.3099999999999987
Radius 5 | Fibre: False | Axis: Y | Norm: No,40,12.5853,31.69,32.96,0.93,0.93,1.2699999999999996
Radius 5 | Fibre: False | Axis: Y | Norm: No,41,13.7932,31.69,33.07,0.93,0.93,1.379999999999999
Radius 5 | Fibre: False | Axis: Y | Norm: No,42,12.4461,31.69,32.98,0.93,0.93,1.2899999999999956
Radius 5 | Fibre: False | Axis: Y | Norm: No,43,12.3564,31.69,33.0,0.93,0.94,1.3099999999999987
Radius 5 | Fibre: False | Axis: Y | Norm: No,44,12.5009,31.69,33.02,0.93,0.94,1.3300000000000018
Radius 5 | Fibre: False | Axis: Y | Norm: No,45,12.2251,31.69,32.94,0.93,0.93,1.2499999999999964
Radius 5 | Fibre: False | Axis: Y | Norm: No,46,12.2722,31.69,32.94,0.93,0.93,1.2499999999999964
Radius 5 | Fibre: False | Axis: Y | Norm: No,47,12.2017,31.69,32.97,0.93,0.94,1.2799999999999976
Radius 5 | Fibre: False | Axis: Y | Norm: No,48,12.3118,31.69,32.93,0.93,0.93,1.2399999999999984
Radius 5 | Fibre: False | Axis: Y | Norm: No,49,12.2169,31.69,32.98,0.93,0.93,1.2899999999999956
Radius 5 | Fibre: False | Axis: Y | Norm: No,50,12.1681,31.69,33.03,0.93,0.93,1.3399999999999999
Radius 5 | Fibre: False | Axis: Y | Norm: Yes,1,0.0005,31.69,32.46,0.93,0.91,0.7699999999999996
Radius 5 | Fibre: False | Axis: Y | Norm: Yes,2,0.0003,31.69,32.85,0.93,0.92,1.1600000000000001
Radius 5 | Fibre: False | Axis: Y | Norm: Yes,3,0.0003,31.69,32.67,0.93,0.92,0.9800000000000004
Radius 5 | Fibre: False | Axis: Y | Norm: Yes,4,0.0003,31.69,32.35,0.93,0.93,0.6600000000000001
Radius 5 | Fibre: False | Axis: Y | Norm: Yes,5,0.0003,31.69,32.97,0.93,0.93,1.2799999999999976
Radius 5 | Fibre: False | Axis: Y | Norm: Yes,6,0.0003,31.69,33.1,0.93,0.93,1.4100000000000001
Radius 5 | Fibre: False | Axis: Y | Norm: Yes,7,0.0002,31.69,33.05,0.93,0.93,1.3599999999999959
Radius 5 | Fibre: False | Axis: Y | Norm: Yes,8,0.0002,31.69,33.08,0.93,0.94,1.389999999999997
Radius 5 | Fibre: False | Axis: Y | Norm: Yes,9,0.0002,31.69,32.87,0.93,0.93,1.1799999999999962
Radius 5 | Fibre: False | Axis: Y | Norm: Yes,10,0.0002,31.69,32.06,0.93,0.9,0.370000000000001
Radius 5 | Fibre: False | Axis: Y | Norm: Yes,11,0.0002,31.69,32.91,0.93,0.93,1.2199999999999953
Radius 5 | Fibre: False | Axis: Y | Norm: Yes,12,0.0002,31.69,33.06,0.93,0.93,1.370000000000001
Radius 5 | Fibre: False | Axis: Y | Norm: Yes,13,0.0002,31.69,32.99,0.93,0.93,1.3000000000000007
Radius 5 | Fibre: False | Axis: Y | Norm: Yes,14,0.0002,31.69,32.92,0.93,0.93,1.2300000000000004
Radius 5 | Fibre: False | Axis: Y | Norm: Yes,15,0.0002,31.69,32.68,0.93,0.93,0.9899999999999984
Radius 5 | Fibre: False | Axis: Y | Norm: Yes,16,0.0002,31.69,32.99,0.93,0.93,1.3000000000000007
Radius 5 | Fibre: False | Axis: Y | Norm: Yes,17,0.0002,31.69,32.93,0.93,0.93,1.2399999999999984
Radius 5 | Fibre: False | Axis: Y | Norm: Yes,18,0.0002,31.69,32.98,0.93,0.93,1.2899999999999956
Radius 5 | Fibre: False | Axis: Y | Norm: Yes,19,0.0002,31.69,33.11,0.93,0.94,1.4199999999999982
Radius 5 | Fibre: False | Axis: Y | Norm: Yes,20,0.0002,31.69,32.95,0.93,0.93,1.2600000000000016
Radius 5 | Fibre: False | Axis: Y | Norm: Yes,21,0.0002,31.69,32.97,0.93,0.93,1.2799999999999976
Radius 5 | Fibre: False | Axis: Y | Norm: Yes,22,0.0002,31.69,33.04,0.93,0.93,1.3499999999999979
Radius 5 | Fibre: False | Axis: Y | Norm: Yes,23,0.0002,31.69,32.99,0.93,0.93,1.3000000000000007
Radius 5 | Fibre: False | Axis: Y | Norm: Yes,24,0.0002,31.69,33.01,0.93,0.93,1.3199999999999967
Radius 5 | Fibre: False | Axis: Y | Norm: Yes,25,0.0002,31.69,32.93,0.93,0.93,1.2399999999999984
Radius 5 | Fibre: False | Axis: Y | Norm: Yes,26,0.0002,31.69,32.93,0.93,0.93,1.2399999999999984
Radius 5 | Fibre: False | Axis: Y | Norm: Yes,27,0.0002,31.69,32.79,0.93,0.92,1.0999999999999979
Radius 5 | Fibre: False | Axis: Y | Norm: Yes,28,0.0002,31.69,32.97,0.93,0.93,1.2799999999999976
Radius 5 | Fibre: False | Axis: Y | Norm: Yes,29,0.0002,31.69,32.84,0.93,0.93,1.1500000000000021
Radius 5 | Fibre: False | Axis: Y | Norm: Yes,30,0.0002,31.69,32.95,0.93,0.93,1.2600000000000016
Radius 5 | Fibre: False | Axis: Y | Norm: Yes,31,0.0002,31.69,32.78,0.93,0.93,1.0899999999999999
Radius 5 | Fibre: False | Axis: Y | Norm: Yes,32,0.0002,31.69,32.86,0.93,0.93,1.1699999999999982
Radius 5 | Fibre: False | Axis: Y | Norm: Yes,33,0.0002,31.69,32.88,0.93,0.93,1.1900000000000013
Radius 5 | Fibre: False | Axis: Y | Norm: Yes,34,0.0002,31.69,32.81,0.93,0.93,1.120000000000001
Radius 5 | Fibre: False | Axis: Y | Norm: Yes,35,0.0002,31.69,32.86,0.93,0.93,1.1699999999999982
Radius 5 | Fibre: False | Axis: Y | Norm: Yes,36,0.0002,31.69,32.88,0.93,0.93,1.1900000000000013
Radius 5 | Fibre: False | Axis: Y | Norm: Yes,37,0.0002,31.69,32.74,0.93,0.93,1.0500000000000007
Radius 5 | Fibre: False | Axis: Y | Norm: Yes,38,0.0002,31.69,32.77,0.93,0.93,1.0800000000000018
Radius 5 | Fibre: False | Axis: Y | Norm: Yes,39,0.0002,31.69,32.84,0.93,0.93,1.1500000000000021
Radius 5 | Fibre: False | Axis: Y | Norm: Yes,40,0.0002,31.69,32.71,0.93,0.93,1.0199999999999996
Radius 5 | Fibre: False | Axis: Y | Norm: Yes,41,0.0002,31.69,32.82,0.93,0.93,1.129999999999999
Radius 5 | Fibre: False | Axis: Y | Norm: Yes,42,0.0002,31.69,32.59,0.93,0.93,0.9000000000000021
Radius 5 | Fibre: False | Axis: Y | Norm: Yes,43,0.0002,31.69,32.75,0.93,0.93,1.0599999999999987
Radius 5 | Fibre: False | Axis: Y | Norm: Yes,44,0.0002,31.69,32.81,0.93,0.93,1.120000000000001
Radius 5 | Fibre: False | Axis: Y | Norm: Yes,45,0.0002,31.69,32.69,0.93,0.93,0.9999999999999964
Radius 5 | Fibre: False | Axis: Y | Norm: Yes,46,0.0002,31.69,32.77,0.93,0.93,1.0800000000000018
Radius 5 | Fibre: False | Axis: Y | Norm: Yes,47,0.0002,31.69,32.75,0.93,0.93,1.0599999999999987
Radius 5 | Fibre: False | Axis: Y | Norm: Yes,48,0.0002,31.69,32.69,0.93,0.93,0.9999999999999964
Radius 5 | Fibre: False | Axis: Y | Norm: Yes,49,0.0002,31.69,32.63,0.93,0.93,0.9400000000000013
Radius 5 | Fibre: False | Axis: Y | Norm: Yes,50,0.0002,31.69,32.72,0.93,0.93,1.0299999999999976
Radius 5 | Fibre: False | Axis: Z | Norm: No,1,36.6476,32.2,33.36,0.93,0.94,1.1599999999999966
Radius 5 | Fibre: False | Axis: Z | Norm: No,2,17.9301,32.2,33.7,0.93,0.94,1.5
Radius 5 | Fibre: False | Axis: Z | Norm: No,3,17.3934,32.2,33.77,0.93,0.94,1.5700000000000003
Radius 5 | Fibre: False | Axis: Z | Norm: No,4,16.1061,32.2,33.82,0.93,0.94,1.6199999999999974
Radius 5 | Fibre: False | Axis: Z | Norm: No,5,15.7723,32.2,33.84,0.93,0.94,1.6400000000000006
Radius 5 | Fibre: False | Axis: Z | Norm: No,6,15.1058,32.2,33.85,0.93,0.94,1.6499999999999986
Radius 5 | Fibre: False | Axis: Z | Norm: No,7,15.0908,32.2,33.81,0.93,0.94,1.6099999999999994
Radius 5 | Fibre: False | Axis: Z | Norm: No,8,14.602,32.2,33.81,0.93,0.94,1.6099999999999994
Radius 5 | Fibre: False | Axis: Z | Norm: No,9,14.329,32.2,32.98,0.93,0.94,0.779999999999994
Radius 5 | Fibre: False | Axis: Z | Norm: No,10,14.0887,32.2,33.8,0.93,0.94,1.5999999999999943
Radius 5 | Fibre: False | Axis: Z | Norm: No,11,14.0283,32.2,33.86,0.93,0.94,1.6599999999999966
Radius 5 | Fibre: False | Axis: Z | Norm: No,12,13.6426,32.2,33.36,0.93,0.94,1.1599999999999966
Radius 5 | Fibre: False | Axis: Z | Norm: No,13,13.7047,32.2,33.61,0.93,0.94,1.4099999999999966
Radius 5 | Fibre: False | Axis: Z | Norm: No,14,13.563,32.2,33.14,0.93,0.94,0.9399999999999977
Radius 5 | Fibre: False | Axis: Z | Norm: No,15,13.299,32.2,33.85,0.93,0.94,1.6499999999999986
Radius 5 | Fibre: False | Axis: Z | Norm: No,16,13.1687,32.2,33.79,0.93,0.94,1.5899999999999963
Radius 5 | Fibre: False | Axis: Z | Norm: No,17,13.3435,32.2,33.9,0.93,0.94,1.6999999999999957
Radius 5 | Fibre: False | Axis: Z | Norm: No,18,12.9729,32.2,33.82,0.93,0.94,1.6199999999999974
Radius 5 | Fibre: False | Axis: Z | Norm: No,19,12.6971,32.2,33.69,0.93,0.94,1.4899999999999949
Radius 5 | Fibre: False | Axis: Z | Norm: No,20,12.8623,32.2,33.66,0.93,0.94,1.4599999999999937
Radius 5 | Fibre: False | Axis: Z | Norm: No,21,13.3115,32.2,33.74,0.93,0.94,1.5399999999999991
Radius 5 | Fibre: False | Axis: Z | Norm: No,22,12.4823,32.2,33.77,0.93,0.94,1.5700000000000003
Radius 5 | Fibre: False | Axis: Z | Norm: No,23,12.4362,32.2,33.76,0.93,0.94,1.5599999999999952
Radius 5 | Fibre: False | Axis: Z | Norm: No,24,12.4904,32.2,33.71,0.93,0.94,1.509999999999998
Radius 5 | Fibre: False | Axis: Z | Norm: No,25,12.4841,32.2,33.77,0.93,0.94,1.5700000000000003
Radius 5 | Fibre: False | Axis: Z | Norm: No,26,12.3499,32.2,33.81,0.93,0.94,1.6099999999999994
Radius 5 | Fibre: False | Axis: Z | Norm: No,27,12.1382,32.2,33.66,0.93,0.93,1.4599999999999937
Radius 5 | Fibre: False | Axis: Z | Norm: No,28,12.055,32.2,33.78,0.93,0.94,1.5799999999999983
Radius 5 | Fibre: False | Axis: Z | Norm: No,29,12.1329,32.2,33.66,0.93,0.93,1.4599999999999937
Radius 5 | Fibre: False | Axis: Z | Norm: No,30,12.0933,32.2,33.61,0.93,0.93,1.4099999999999966
Radius 5 | Fibre: False | Axis: Z | Norm: No,31,11.7119,32.2,33.77,0.93,0.94,1.5700000000000003
Radius 5 | Fibre: False | Axis: Z | Norm: No,32,11.7422,32.2,33.75,0.93,0.94,1.5499999999999972
Radius 5 | Fibre: False | Axis: Z | Norm: No,33,11.7589,32.2,33.62,0.93,0.93,1.4199999999999946
Radius 5 | Fibre: False | Axis: Z | Norm: No,34,11.7371,32.2,33.69,0.93,0.94,1.4899999999999949
Radius 5 | Fibre: False | Axis: Z | Norm: No,35,11.5543,32.2,33.72,0.93,0.94,1.519999999999996
Radius 5 | Fibre: False | Axis: Z | Norm: No,36,11.4489,32.2,33.58,0.93,0.93,1.3799999999999955
Radius 5 | Fibre: False | Axis: Z | Norm: No,37,11.3587,32.2,33.7,0.93,0.94,1.5
Radius 5 | Fibre: False | Axis: Z | Norm: No,38,11.2959,32.2,33.69,0.93,0.94,1.4899999999999949
Radius 5 | Fibre: False | Axis: Z | Norm: No,39,11.2157,32.2,33.66,0.93,0.94,1.4599999999999937
Radius 5 | Fibre: False | Axis: Z | Norm: No,40,11.1545,32.2,33.5,0.93,0.94,1.2999999999999972
Radius 5 | Fibre: False | Axis: Z | Norm: No,41,11.1118,32.2,33.62,0.93,0.94,1.4199999999999946
Radius 5 | Fibre: False | Axis: Z | Norm: No,42,11.0337,32.2,33.6,0.93,0.94,1.3999999999999986
Radius 5 | Fibre: False | Axis: Z | Norm: No,43,10.9386,32.2,33.6,0.93,0.93,1.3999999999999986
Radius 5 | Fibre: False | Axis: Z | Norm: No,44,11.0729,32.2,32.85,0.93,0.94,0.6499999999999986
Radius 5 | Fibre: False | Axis: Z | Norm: No,45,10.8742,32.2,33.56,0.93,0.93,1.3599999999999994
Radius 5 | Fibre: False | Axis: Z | Norm: No,46,10.8709,32.2,33.56,0.93,0.93,1.3599999999999994
Radius 5 | Fibre: False | Axis: Z | Norm: No,47,10.7618,32.2,33.41,0.93,0.94,1.2099999999999937
Radius 5 | Fibre: False | Axis: Z | Norm: No,48,10.8538,32.2,33.54,0.93,0.93,1.3399999999999963
Radius 5 | Fibre: False | Axis: Z | Norm: No,49,10.8531,32.2,33.61,0.93,0.94,1.4099999999999966
Radius 5 | Fibre: False | Axis: Z | Norm: No,50,10.7137,32.2,33.62,0.93,0.94,1.4199999999999946
Radius 5 | Fibre: False | Axis: Z | Norm: Yes,1,0.0005,32.2,33.36,0.93,0.93,1.1599999999999966
Radius 5 | Fibre: False | Axis: Z | Norm: Yes,2,0.0003,32.2,33.47,0.93,0.94,1.269999999999996
Radius 5 | Fibre: False | Axis: Z | Norm: Yes,3,0.0003,32.2,33.59,0.93,0.93,1.3900000000000006
Radius 5 | Fibre: False | Axis: Z | Norm: Yes,4,0.0002,32.2,32.91,0.93,0.92,0.7099999999999937
Radius 5 | Fibre: False | Axis: Z | Norm: Yes,5,0.0002,32.2,33.46,0.93,0.93,1.259999999999998
Radius 5 | Fibre: False | Axis: Z | Norm: Yes,6,0.0002,32.2,33.52,0.93,0.94,1.3200000000000003
Radius 5 | Fibre: False | Axis: Z | Norm: Yes,7,0.0002,32.2,33.56,0.93,0.93,1.3599999999999994
Radius 5 | Fibre: False | Axis: Z | Norm: Yes,8,0.0002,32.2,33.54,0.93,0.93,1.3399999999999963
Radius 5 | Fibre: False | Axis: Z | Norm: Yes,9,0.0002,32.2,33.48,0.93,0.93,1.279999999999994
Radius 5 | Fibre: False | Axis: Z | Norm: Yes,10,0.0002,32.2,33.55,0.93,0.93,1.3499999999999943
Radius 5 | Fibre: False | Axis: Z | Norm: Yes,11,0.0002,32.2,33.54,0.93,0.94,1.3399999999999963
Radius 5 | Fibre: False | Axis: Z | Norm: Yes,12,0.0002,32.2,33.45,0.93,0.93,1.25
Radius 5 | Fibre: False | Axis: Z | Norm: Yes,13,0.0002,32.2,33.39,0.93,0.93,1.1899999999999977
Radius 5 | Fibre: False | Axis: Z | Norm: Yes,14,0.0002,32.2,33.15,0.93,0.91,0.9499999999999957
Radius 5 | Fibre: False | Axis: Z | Norm: Yes,15,0.0002,32.2,33.32,0.93,0.93,1.1199999999999974
Radius 5 | Fibre: False | Axis: Z | Norm: Yes,16,0.0002,32.2,33.58,0.93,0.94,1.3799999999999955
Radius 5 | Fibre: False | Axis: Z | Norm: Yes,17,0.0002,32.2,33.49,0.93,0.93,1.2899999999999991
Radius 5 | Fibre: False | Axis: Z | Norm: Yes,18,0.0002,32.2,33.47,0.93,0.93,1.269999999999996
Radius 5 | Fibre: False | Axis: Z | Norm: Yes,19,0.0002,32.2,33.01,0.93,0.92,0.8099999999999952
Radius 5 | Fibre: False | Axis: Z | Norm: Yes,20,0.0002,32.2,33.32,0.93,0.93,1.1199999999999974
Radius 5 | Fibre: False | Axis: Z | Norm: Yes,21,0.0002,32.2,33.34,0.93,0.93,1.1400000000000006
Radius 5 | Fibre: False | Axis: Z | Norm: Yes,22,0.0002,32.2,33.43,0.93,0.93,1.2299999999999969
Radius 5 | Fibre: False | Axis: Z | Norm: Yes,23,0.0002,32.2,33.44,0.93,0.93,1.2399999999999949
Radius 5 | Fibre: False | Axis: Z | Norm: Yes,24,0.0002,32.2,33.31,0.93,0.93,1.1099999999999994
Radius 5 | Fibre: False | Axis: Z | Norm: Yes,25,0.0002,32.2,33.43,0.93,0.93,1.2299999999999969
Radius 5 | Fibre: False | Axis: Z | Norm: Yes,26,0.0002,32.2,33.4,0.93,0.93,1.1999999999999957
Radius 5 | Fibre: False | Axis: Z | Norm: Yes,27,0.0002,32.2,33.38,0.93,0.93,1.1799999999999997
Radius 5 | Fibre: False | Axis: Z | Norm: Yes,28,0.0002,32.2,33.35,0.93,0.93,1.1499999999999986
Radius 5 | Fibre: False | Axis: Z | Norm: Yes,29,0.0002,32.2,33.27,0.93,0.94,1.0700000000000003
Radius 5 | Fibre: False | Axis: Z | Norm: Yes,30,0.0002,32.2,33.2,0.93,0.93,1.0
Radius 5 | Fibre: False | Axis: Z | Norm: Yes,31,0.0002,32.2,33.41,0.93,0.93,1.2099999999999937
Radius 5 | Fibre: False | Axis: Z | Norm: Yes,32,0.0002,32.2,33.34,0.93,0.93,1.1400000000000006
Radius 5 | Fibre: False | Axis: Z | Norm: Yes,33,0.0002,32.2,33.41,0.93,0.94,1.2099999999999937
Radius 5 | Fibre: False | Axis: Z | Norm: Yes,34,0.0002,32.2,33.36,0.93,0.93,1.1599999999999966
Radius 5 | Fibre: False | Axis: Z | Norm: Yes,35,0.0002,32.2,33.44,0.93,0.93,1.2399999999999949
Radius 5 | Fibre: False | Axis: Z | Norm: Yes,36,0.0002,32.2,33.33,0.93,0.93,1.1299999999999955
Radius 5 | Fibre: False | Axis: Z | Norm: Yes,37,0.0002,32.2,33.22,0.93,0.93,1.019999999999996
Radius 5 | Fibre: False | Axis: Z | Norm: Yes,38,0.0002,32.2,33.35,0.93,0.93,1.1499999999999986
Radius 5 | Fibre: False | Axis: Z | Norm: Yes,39,0.0002,32.2,33.28,0.93,0.93,1.0799999999999983
Radius 5 | Fibre: False | Axis: Z | Norm: Yes,40,0.0002,32.2,33.39,0.93,0.93,1.1899999999999977
Radius 5 | Fibre: False | Axis: Z | Norm: Yes,41,0.0002,32.2,33.33,0.93,0.93,1.1299999999999955
Radius 5 | Fibre: False | Axis: Z | Norm: Yes,42,0.0002,32.2,33.35,0.93,0.93,1.1499999999999986
Radius 5 | Fibre: False | Axis: Z | Norm: Yes,43,0.0002,32.2,33.4,0.93,0.93,1.1999999999999957
Radius 5 | Fibre: False | Axis: Z | Norm: Yes,44,0.0002,32.2,33.32,0.93,0.93,1.1199999999999974
Radius 5 | Fibre: False | Axis: Z | Norm: Yes,45,0.0002,32.2,33.26,0.93,0.93,1.0599999999999952
Radius 5 | Fibre: False | Axis: Z | Norm: Yes,46,0.0002,32.2,33.24,0.93,0.93,1.0399999999999991
Radius 5 | Fibre: False | Axis: Z | Norm: Yes,47,0.0002,32.2,33.2,0.93,0.93,1.0
Radius 5 | Fibre: False | Axis: Z | Norm: Yes,48,0.0002,32.2,33.22,0.93,0.93,1.019999999999996
Radius 5 | Fibre: False | Axis: Z | Norm: Yes,49,0.0002,32.2,33.04,0.93,0.93,0.8399999999999963
Radius 5 | Fibre: False | Axis: Z | Norm: Yes,50,0.0002,32.2,33.2,0.93,0.93,1.0
Radius 5 | Fibre: True | Axis: X | Norm: No,1,32.5114,35.0,35.99,0.95,0.96,0.990000000000002
Radius 5 | Fibre: True | Axis: X | Norm: No,2,10.8801,35.0,36.65,0.95,0.96,1.6499999999999986
Radius 5 | Fibre: True | Axis: X | Norm: No,3,10.433,35.0,36.49,0.95,0.96,1.490000000000002
Radius 5 | Fibre: True | Axis: X | Norm: No,4,12.7366,35.0,36.59,0.95,0.96,1.5900000000000034
Radius 5 | Fibre: True | Axis: X | Norm: No,5,9.2926,35.0,36.63,0.95,0.96,1.6300000000000026
Radius 5 | Fibre: True | Axis: X | Norm: No,6,9.8954,35.0,36.59,0.95,0.96,1.5900000000000034
Radius 5 | Fibre: True | Axis: X | Norm: No,7,8.8365,35.0,36.61,0.95,0.96,1.6099999999999994
Radius 5 | Fibre: True | Axis: X | Norm: No,8,8.624,35.0,36.36,0.95,0.96,1.3599999999999994
Radius 5 | Fibre: True | Axis: X | Norm: No,9,8.672,35.0,36.52,0.95,0.95,1.5200000000000031
Radius 5 | Fibre: True | Axis: X | Norm: No,10,8.5187,35.0,36.66,0.95,0.96,1.6599999999999966
Radius 5 | Fibre: True | Axis: X | Norm: No,11,8.0626,35.0,36.35,0.95,0.95,1.3500000000000014
Radius 5 | Fibre: True | Axis: X | Norm: No,12,8.0291,35.0,36.49,0.95,0.96,1.490000000000002
Radius 5 | Fibre: True | Axis: X | Norm: No,13,8.2264,35.0,36.52,0.95,0.95,1.5200000000000031
Radius 5 | Fibre: True | Axis: X | Norm: No,14,7.5888,35.0,36.56,0.95,0.95,1.5600000000000023
Radius 5 | Fibre: True | Axis: X | Norm: No,15,7.9546,35.0,36.38,0.95,0.96,1.3800000000000026
Radius 5 | Fibre: True | Axis: X | Norm: No,16,7.5408,35.0,36.39,0.95,0.95,1.3900000000000006
Radius 5 | Fibre: True | Axis: X | Norm: No,17,7.5976,35.0,36.51,0.95,0.95,1.509999999999998
Radius 5 | Fibre: True | Axis: X | Norm: No,18,7.3327,35.0,36.41,0.95,0.96,1.4099999999999966
Radius 5 | Fibre: True | Axis: X | Norm: No,19,7.3916,35.0,36.58,0.95,0.96,1.5799999999999983
Radius 5 | Fibre: True | Axis: X | Norm: No,20,7.3621,35.0,36.21,0.95,0.95,1.2100000000000009
Radius 5 | Fibre: True | Axis: X | Norm: No,21,7.2512,35.0,36.46,0.95,0.95,1.4600000000000009
Radius 5 | Fibre: True | Axis: X | Norm: No,22,7.0106,35.0,36.35,0.95,0.95,1.3500000000000014
Radius 5 | Fibre: True | Axis: X | Norm: No,23,8.5497,35.0,36.23,0.95,0.95,1.2299999999999969
Radius 5 | Fibre: True | Axis: X | Norm: No,24,6.838,35.0,36.49,0.95,0.96,1.490000000000002
Radius 5 | Fibre: True | Axis: X | Norm: No,25,7.1356,35.0,36.45,0.95,0.95,1.4500000000000028
Radius 5 | Fibre: True | Axis: X | Norm: No,26,6.7196,35.0,36.43,0.95,0.95,1.4299999999999997
Radius 5 | Fibre: True | Axis: X | Norm: No,27,6.8742,35.0,36.33,0.95,0.95,1.3299999999999983
Radius 5 | Fibre: True | Axis: X | Norm: No,28,6.8704,35.0,36.36,0.95,0.95,1.3599999999999994
Radius 5 | Fibre: True | Axis: X | Norm: No,29,6.7177,35.0,36.34,0.95,0.95,1.3400000000000034
Radius 5 | Fibre: True | Axis: X | Norm: No,30,6.6069,35.0,36.29,0.95,0.95,1.2899999999999991
Radius 5 | Fibre: True | Axis: X | Norm: No,31,6.7824,35.0,36.29,0.95,0.95,1.2899999999999991
Radius 5 | Fibre: True | Axis: X | Norm: No,32,6.7314,35.0,36.3,0.95,0.95,1.2999999999999972
Radius 5 | Fibre: True | Axis: X | Norm: No,33,6.8046,35.0,36.43,0.95,0.95,1.4299999999999997
Radius 5 | Fibre: True | Axis: X | Norm: No,34,6.7243,35.0,36.32,0.95,0.95,1.3200000000000003
Radius 5 | Fibre: True | Axis: X | Norm: No,35,6.5497,35.0,36.29,0.95,0.95,1.2899999999999991
Radius 5 | Fibre: True | Axis: X | Norm: No,36,6.4438,35.0,36.34,0.95,0.95,1.3400000000000034
Radius 5 | Fibre: True | Axis: X | Norm: No,37,6.3824,35.0,36.28,0.95,0.95,1.2800000000000011
Radius 5 | Fibre: True | Axis: X | Norm: No,38,6.5627,35.0,36.22,0.95,0.95,1.2199999999999989
Radius 5 | Fibre: True | Axis: X | Norm: No,39,6.4017,35.0,36.19,0.95,0.95,1.1899999999999977
Radius 5 | Fibre: True | Axis: X | Norm: No,40,6.4516,35.0,36.3,0.95,0.95,1.2999999999999972
Radius 5 | Fibre: True | Axis: X | Norm: No,41,6.3925,35.0,36.37,0.95,0.96,1.3699999999999974
Radius 5 | Fibre: True | Axis: X | Norm: No,42,6.6373,35.0,36.13,0.95,0.95,1.1300000000000026
Radius 5 | Fibre: True | Axis: X | Norm: No,43,6.3412,35.0,36.19,0.95,0.95,1.1899999999999977
Radius 5 | Fibre: True | Axis: X | Norm: No,44,6.2965,35.0,36.29,0.95,0.95,1.2899999999999991
Radius 5 | Fibre: True | Axis: X | Norm: No,45,6.2183,35.0,36.17,0.95,0.95,1.1700000000000017
Radius 5 | Fibre: True | Axis: X | Norm: No,46,6.4793,35.0,36.15,0.95,0.95,1.1499999999999986
Radius 5 | Fibre: True | Axis: X | Norm: No,47,6.1296,35.0,36.13,0.95,0.95,1.1300000000000026
Radius 5 | Fibre: True | Axis: X | Norm: No,48,6.214,35.0,36.18,0.95,0.95,1.1799999999999997
Radius 5 | Fibre: True | Axis: X | Norm: No,49,6.2627,35.0,36.22,0.95,0.95,1.2199999999999989
Radius 5 | Fibre: True | Axis: X | Norm: No,50,6.0611,35.0,36.42,0.95,0.96,1.4200000000000017
Radius 5 | Fibre: True | Axis: X | Norm: Yes,1,0.0004,35.0,35.73,0.95,0.95,0.7299999999999969
Radius 5 | Fibre: True | Axis: X | Norm: Yes,2,0.0002,35.0,35.96,0.95,0.95,0.9600000000000009
Radius 5 | Fibre: True | Axis: X | Norm: Yes,3,0.0002,35.0,35.66,0.95,0.95,0.6599999999999966
Radius 5 | Fibre: True | Axis: X | Norm: Yes,4,0.0002,35.0,36.07,0.95,0.95,1.0700000000000003
Radius 5 | Fibre: True | Axis: X | Norm: Yes,5,0.0002,35.0,36.22,0.95,0.96,1.2199999999999989
Radius 5 | Fibre: True | Axis: X | Norm: Yes,6,0.0002,35.0,36.18,0.95,0.95,1.1799999999999997
Radius 5 | Fibre: True | Axis: X | Norm: Yes,7,0.0002,35.0,36.26,0.95,0.96,1.259999999999998
Radius 5 | Fibre: True | Axis: X | Norm: Yes,8,0.0001,35.0,35.27,0.95,0.94,0.2700000000000031
Radius 5 | Fibre: True | Axis: X | Norm: Yes,9,0.0001,35.0,36.12,0.95,0.96,1.1199999999999974
Radius 5 | Fibre: True | Axis: X | Norm: Yes,10,0.0001,35.0,36.22,0.95,0.95,1.2199999999999989
Radius 5 | Fibre: True | Axis: X | Norm: Yes,11,0.0001,35.0,34.97,0.95,0.95,-0.030000000000001137
Radius 5 | Fibre: True | Axis: X | Norm: Yes,12,0.0001,35.0,36.28,0.95,0.95,1.2800000000000011
Radius 5 | Fibre: True | Axis: X | Norm: Yes,13,0.0001,35.0,36.16,0.95,0.95,1.1599999999999966
Radius 5 | Fibre: True | Axis: X | Norm: Yes,14,0.0001,35.0,36.34,0.95,0.96,1.3400000000000034
Radius 5 | Fibre: True | Axis: X | Norm: Yes,15,0.0001,35.0,36.05,0.95,0.95,1.0499999999999972
Radius 5 | Fibre: True | Axis: X | Norm: Yes,16,0.0001,35.0,36.23,0.95,0.95,1.2299999999999969
Radius 5 | Fibre: True | Axis: X | Norm: Yes,17,0.0001,35.0,36.13,0.95,0.95,1.1300000000000026
Radius 5 | Fibre: True | Axis: X | Norm: Yes,18,0.0001,35.0,36.15,0.95,0.95,1.1499999999999986
Radius 5 | Fibre: True | Axis: X | Norm: Yes,19,0.0001,35.0,36.2,0.95,0.95,1.2000000000000028
Radius 5 | Fibre: True | Axis: X | Norm: Yes,20,0.0001,35.0,36.22,0.95,0.95,1.2199999999999989
Radius 5 | Fibre: True | Axis: X | Norm: Yes,21,0.0001,35.0,36.07,0.95,0.95,1.0700000000000003
Radius 5 | Fibre: True | Axis: X | Norm: Yes,22,0.0001,35.0,36.02,0.95,0.95,1.0200000000000031
Radius 5 | Fibre: True | Axis: X | Norm: Yes,23,0.0001,35.0,35.91,0.95,0.95,0.9099999999999966
Radius 5 | Fibre: True | Axis: X | Norm: Yes,24,0.0001,35.0,36.2,0.95,0.95,1.2000000000000028
Radius 5 | Fibre: True | Axis: X | Norm: Yes,25,0.0001,35.0,36.12,0.95,0.95,1.1199999999999974
Radius 5 | Fibre: True | Axis: X | Norm: Yes,26,0.0001,35.0,35.86,0.95,0.94,0.8599999999999994
Radius 5 | Fibre: True | Axis: X | Norm: Yes,27,0.0001,35.0,36.05,0.95,0.94,1.0499999999999972
Radius 5 | Fibre: True | Axis: X | Norm: Yes,28,0.0001,35.0,35.95,0.95,0.95,0.9500000000000028
Radius 5 | Fibre: True | Axis: X | Norm: Yes,29,0.0001,35.0,35.99,0.95,0.95,0.990000000000002
Radius 5 | Fibre: True | Axis: X | Norm: Yes,30,0.0001,35.0,36.0,0.95,0.95,1.0
Radius 5 | Fibre: True | Axis: X | Norm: Yes,31,0.0001,35.0,36.03,0.95,0.95,1.0300000000000011
Radius 5 | Fibre: True | Axis: X | Norm: Yes,32,0.0001,35.0,35.77,0.95,0.95,0.7700000000000031
Radius 5 | Fibre: True | Axis: X | Norm: Yes,33,0.0001,35.0,35.93,0.95,0.95,0.9299999999999997
Radius 5 | Fibre: True | Axis: X | Norm: Yes,34,0.0001,35.0,35.92,0.95,0.95,0.9200000000000017
Radius 5 | Fibre: True | Axis: X | Norm: Yes,35,0.0001,35.0,35.87,0.95,0.95,0.8699999999999974
Radius 5 | Fibre: True | Axis: X | Norm: Yes,36,0.0001,35.0,35.51,0.95,0.95,0.509999999999998
Radius 5 | Fibre: True | Axis: X | Norm: Yes,37,0.0001,35.0,35.98,0.95,0.95,0.9799999999999969
Radius 5 | Fibre: True | Axis: X | Norm: Yes,38,0.0001,35.0,35.87,0.95,0.95,0.8699999999999974
Radius 5 | Fibre: True | Axis: X | Norm: Yes,39,0.0001,35.0,36.03,0.95,0.95,1.0300000000000011
Radius 5 | Fibre: True | Axis: X | Norm: Yes,40,0.0001,35.0,35.89,0.95,0.95,0.8900000000000006
Radius 5 | Fibre: True | Axis: X | Norm: Yes,41,0.0001,35.0,35.78,0.95,0.95,0.7800000000000011
Radius 5 | Fibre: True | Axis: X | Norm: Yes,42,0.0001,35.0,35.78,0.95,0.95,0.7800000000000011
Radius 5 | Fibre: True | Axis: X | Norm: Yes,43,0.0001,35.0,35.77,0.95,0.95,0.7700000000000031
Radius 5 | Fibre: True | Axis: X | Norm: Yes,44,0.0001,35.0,35.92,0.95,0.95,0.9200000000000017
Radius 5 | Fibre: True | Axis: X | Norm: Yes,45,0.0001,35.0,35.73,0.95,0.95,0.7299999999999969
Radius 5 | Fibre: True | Axis: X | Norm: Yes,46,0.0001,35.0,35.89,0.95,0.95,0.8900000000000006
Radius 5 | Fibre: True | Axis: X | Norm: Yes,47,0.0001,35.0,35.99,0.95,0.95,0.990000000000002
Radius 5 | Fibre: True | Axis: X | Norm: Yes,48,0.0001,35.0,35.9,0.95,0.95,0.8999999999999986
Radius 5 | Fibre: True | Axis: X | Norm: Yes,49,0.0001,35.0,35.84,0.95,0.95,0.8400000000000034
Radius 5 | Fibre: True | Axis: X | Norm: Yes,50,0.0001,35.0,36.05,0.95,0.95,1.0499999999999972
Radius 5 | Fibre: True | Axis: Y | Norm: No,1,25.0863,36.08,37.44,0.96,0.97,1.3599999999999994
Radius 5 | Fibre: True | Axis: Y | Norm: No,2,6.6315,36.08,38.0,0.96,0.97,1.9200000000000017
Radius 5 | Fibre: True | Axis: Y | Norm: No,3,6.2051,36.08,38.17,0.96,0.97,2.0900000000000034
Radius 5 | Fibre: True | Axis: Y | Norm: No,4,6.5798,36.08,38.39,0.96,0.97,2.3100000000000023
Radius 5 | Fibre: True | Axis: Y | Norm: No,5,5.4652,36.08,38.32,0.96,0.97,2.240000000000002
Radius 5 | Fibre: True | Axis: Y | Norm: No,6,5.3605,36.08,38.36,0.96,0.97,2.280000000000001
Radius 5 | Fibre: True | Axis: Y | Norm: No,7,5.4779,36.08,38.07,0.96,0.97,1.990000000000002
Radius 5 | Fibre: True | Axis: Y | Norm: No,8,5.1754,36.08,37.58,0.96,0.97,1.5
Radius 5 | Fibre: True | Axis: Y | Norm: No,9,4.6939,36.08,38.13,0.96,0.97,2.0500000000000043
Radius 5 | Fibre: True | Axis: Y | Norm: No,10,4.8154,36.08,37.84,0.96,0.97,1.7600000000000051
Radius 5 | Fibre: True | Axis: Y | Norm: No,11,4.6181,36.08,38.19,0.96,0.97,2.1099999999999994
Radius 5 | Fibre: True | Axis: Y | Norm: No,12,4.42,36.08,38.3,0.96,0.97,2.219999999999999
Radius 5 | Fibre: True | Axis: Y | Norm: No,13,4.5097,36.08,38.31,0.96,0.97,2.230000000000004
Radius 5 | Fibre: True | Axis: Y | Norm: No,14,4.3321,36.08,38.34,0.96,0.97,2.260000000000005
Radius 5 | Fibre: True | Axis: Y | Norm: No,15,4.2133,36.08,38.38,0.96,0.97,2.3000000000000043
Radius 5 | Fibre: True | Axis: Y | Norm: No,16,4.1511,36.08,38.31,0.96,0.97,2.230000000000004
Radius 5 | Fibre: True | Axis: Y | Norm: No,17,4.1459,36.08,38.23,0.96,0.97,2.1499999999999986
Radius 5 | Fibre: True | Axis: Y | Norm: No,18,3.9827,36.08,38.34,0.96,0.97,2.260000000000005
Radius 5 | Fibre: True | Axis: Y | Norm: No,19,3.9839,36.08,37.94,0.96,0.97,1.8599999999999994
Radius 5 | Fibre: True | Axis: Y | Norm: No,20,4.0162,36.08,37.91,0.96,0.97,1.8299999999999983
Radius 5 | Fibre: True | Axis: Y | Norm: No,21,3.8439,36.08,38.33,0.96,0.97,2.25
Radius 5 | Fibre: True | Axis: Y | Norm: No,22,3.8572,36.08,38.1,0.96,0.97,2.020000000000003
Radius 5 | Fibre: True | Axis: Y | Norm: No,23,3.8033,36.08,38.11,0.96,0.97,2.030000000000001
Radius 5 | Fibre: True | Axis: Y | Norm: No,24,3.8235,36.08,38.27,0.96,0.97,2.190000000000005
Radius 5 | Fibre: True | Axis: Y | Norm: No,25,3.6488,36.08,38.23,0.96,0.97,2.1499999999999986
Radius 5 | Fibre: True | Axis: Y | Norm: No,26,3.4637,36.08,38.22,0.96,0.97,2.1400000000000006
Radius 5 | Fibre: True | Axis: Y | Norm: No,27,3.6654,36.08,38.28,0.96,0.97,2.200000000000003
Radius 5 | Fibre: True | Axis: Y | Norm: No,28,3.6188,36.08,38.26,0.96,0.97,2.1799999999999997
Radius 5 | Fibre: True | Axis: Y | Norm: No,29,3.3311,36.08,38.26,0.96,0.97,2.1799999999999997
Radius 5 | Fibre: True | Axis: Y | Norm: No,30,3.4607,36.08,38.1,0.96,0.97,2.020000000000003
Radius 5 | Fibre: True | Axis: Y | Norm: No,31,3.4163,36.08,38.15,0.96,0.97,2.0700000000000003
Radius 5 | Fibre: True | Axis: Y | Norm: No,32,3.343,36.08,38.16,0.96,0.97,2.0799999999999983
Radius 5 | Fibre: True | Axis: Y | Norm: No,33,3.3365,36.08,38.19,0.96,0.97,2.1099999999999994
Radius 5 | Fibre: True | Axis: Y | Norm: No,34,3.2759,36.08,38.07,0.96,0.97,1.990000000000002
Radius 5 | Fibre: True | Axis: Y | Norm: No,35,3.2886,36.08,38.18,0.96,0.97,2.1000000000000014
Radius 5 | Fibre: True | Axis: Y | Norm: No,36,3.2744,36.08,38.21,0.96,0.97,2.1300000000000026
Radius 5 | Fibre: True | Axis: Y | Norm: No,37,3.3048,36.08,38.24,0.96,0.97,2.1600000000000037
Radius 5 | Fibre: True | Axis: Y | Norm: No,38,3.2733,36.08,38.23,0.96,0.97,2.1499999999999986
Radius 5 | Fibre: True | Axis: Y | Norm: No,39,3.114,36.08,38.16,0.96,0.97,2.0799999999999983
Radius 5 | Fibre: True | Axis: Y | Norm: No,40,3.2,36.08,37.99,0.96,0.97,1.9100000000000037
Radius 5 | Fibre: True | Axis: Y | Norm: No,41,3.3204,36.08,38.14,0.96,0.97,2.0600000000000023
Radius 5 | Fibre: True | Axis: Y | Norm: No,42,3.1664,36.08,38.12,0.96,0.97,2.039999999999999
Radius 5 | Fibre: True | Axis: Y | Norm: No,43,2.984,36.08,38.23,0.96,0.97,2.1499999999999986
Radius 5 | Fibre: True | Axis: Y | Norm: No,44,3.2567,36.08,38.19,0.96,0.97,2.1099999999999994
Radius 5 | Fibre: True | Axis: Y | Norm: No,45,3.028,36.08,38.21,0.96,0.97,2.1300000000000026
Radius 5 | Fibre: True | Axis: Y | Norm: No,46,2.9788,36.08,38.15,0.96,0.97,2.0700000000000003
Radius 5 | Fibre: True | Axis: Y | Norm: No,47,3.0296,36.08,38.13,0.96,0.97,2.0500000000000043
Radius 5 | Fibre: True | Axis: Y | Norm: No,48,2.9227,36.08,38.16,0.96,0.97,2.0799999999999983
Radius 5 | Fibre: True | Axis: Y | Norm: No,49,2.968,36.08,37.99,0.96,0.97,1.9100000000000037
Radius 5 | Fibre: True | Axis: Y | Norm: No,50,3.1194,36.08,38.1,0.96,0.97,2.020000000000003
Radius 5 | Fibre: True | Axis: Y | Norm: Yes,1,0.0002,36.08,37.17,0.96,0.97,1.0900000000000034
Radius 5 | Fibre: True | Axis: Y | Norm: Yes,2,0.0001,36.08,37.46,0.96,0.97,1.3800000000000026
Radius 5 | Fibre: True | Axis: Y | Norm: Yes,3,0.0001,36.08,37.43,0.96,0.97,1.3500000000000014
Radius 5 | Fibre: True | Axis: Y | Norm: Yes,4,0.0001,36.08,37.85,0.96,0.97,1.7700000000000031
Radius 5 | Fibre: True | Axis: Y | Norm: Yes,5,0.0001,36.08,37.64,0.96,0.97,1.5600000000000023
Radius 5 | Fibre: True | Axis: Y | Norm: Yes,6,0.0001,36.08,37.89,0.96,0.97,1.8100000000000023
Radius 5 | Fibre: True | Axis: Y | Norm: Yes,7,0.0001,36.08,37.39,0.96,0.97,1.3100000000000023
Radius 5 | Fibre: True | Axis: Y | Norm: Yes,8,0.0001,36.08,37.46,0.96,0.97,1.3800000000000026
Radius 5 | Fibre: True | Axis: Y | Norm: Yes,9,0.0001,36.08,37.83,0.96,0.97,1.75
Radius 5 | Fibre: True | Axis: Y | Norm: Yes,10,0.0001,36.08,38.01,0.96,0.97,1.9299999999999997
Radius 5 | Fibre: True | Axis: Y | Norm: Yes,11,0.0001,36.08,37.82,0.96,0.97,1.740000000000002
Radius 5 | Fibre: True | Axis: Y | Norm: Yes,12,0.0001,36.08,37.75,0.96,0.97,1.6700000000000017
Radius 5 | Fibre: True | Axis: Y | Norm: Yes,13,0.0001,36.08,37.67,0.96,0.97,1.5900000000000034
Radius 5 | Fibre: True | Axis: Y | Norm: Yes,14,0.0001,36.08,37.98,0.96,0.97,1.8999999999999986
Radius 5 | Fibre: True | Axis: Y | Norm: Yes,15,0.0001,36.08,35.47,0.96,0.95,-0.6099999999999994
Radius 5 | Fibre: True | Axis: Y | Norm: Yes,16,0.0001,36.08,37.9,0.96,0.97,1.8200000000000003
Radius 5 | Fibre: True | Axis: Y | Norm: Yes,17,0.0001,36.08,37.9,0.96,0.97,1.8200000000000003
Radius 5 | Fibre: True | Axis: Y | Norm: Yes,18,0.0001,36.08,37.82,0.96,0.97,1.740000000000002
Radius 5 | Fibre: True | Axis: Y | Norm: Yes,19,0.0001,36.08,37.87,0.96,0.97,1.7899999999999991
Radius 5 | Fibre: True | Axis: Y | Norm: Yes,20,0.0001,36.08,37.37,0.96,0.97,1.2899999999999991
Radius 5 | Fibre: True | Axis: Y | Norm: Yes,21,0.0001,36.08,37.53,0.96,0.97,1.4500000000000028
Radius 5 | Fibre: True | Axis: Y | Norm: Yes,22,0.0001,36.08,37.94,0.96,0.97,1.8599999999999994
Radius 5 | Fibre: True | Axis: Y | Norm: Yes,23,0.0001,36.08,37.7,0.96,0.97,1.6200000000000045
Radius 5 | Fibre: True | Axis: Y | Norm: Yes,24,0.0001,36.08,37.52,0.96,0.97,1.4400000000000048
Radius 5 | Fibre: True | Axis: Y | Norm: Yes,25,0.0001,36.08,37.84,0.96,0.97,1.7600000000000051
Radius 5 | Fibre: True | Axis: Y | Norm: Yes,26,0.0001,36.08,37.7,0.96,0.97,1.6200000000000045
Radius 5 | Fibre: True | Axis: Y | Norm: Yes,27,0.0001,36.08,37.84,0.96,0.97,1.7600000000000051
Radius 5 | Fibre: True | Axis: Y | Norm: Yes,28,0.0001,36.08,37.9,0.96,0.97,1.8200000000000003
Radius 5 | Fibre: True | Axis: Y | Norm: Yes,29,0.0001,36.08,37.72,0.96,0.97,1.6400000000000006
Radius 5 | Fibre: True | Axis: Y | Norm: Yes,30,0.0001,36.08,37.39,0.96,0.97,1.3100000000000023
Radius 5 | Fibre: True | Axis: Y | Norm: Yes,31,0.0001,36.08,37.77,0.96,0.97,1.6900000000000048
Radius 5 | Fibre: True | Axis: Y | Norm: Yes,32,0.0001,36.08,37.84,0.96,0.97,1.7600000000000051
Radius 5 | Fibre: True | Axis: Y | Norm: Yes,33,0.0001,36.08,37.76,0.96,0.97,1.6799999999999997
Radius 5 | Fibre: True | Axis: Y | Norm: Yes,34,0.0001,36.08,37.55,0.96,0.97,1.4699999999999989
Radius 5 | Fibre: True | Axis: Y | Norm: Yes,35,0.0001,36.08,37.77,0.96,0.97,1.6900000000000048
Radius 5 | Fibre: True | Axis: Y | Norm: Yes,36,0.0001,36.08,37.89,0.96,0.97,1.8100000000000023
Radius 5 | Fibre: True | Axis: Y | Norm: Yes,37,0.0,36.08,37.42,0.96,0.97,1.3400000000000034
Radius 5 | Fibre: True | Axis: Y | Norm: Yes,38,0.0001,36.08,37.71,0.96,0.97,1.6300000000000026
Radius 5 | Fibre: True | Axis: Y | Norm: Yes,39,0.0,36.08,37.78,0.96,0.97,1.7000000000000028
Radius 5 | Fibre: True | Axis: Y | Norm: Yes,40,0.0001,36.08,37.54,0.96,0.97,1.4600000000000009
Radius 5 | Fibre: True | Axis: Y | Norm: Yes,41,0.0,36.08,37.67,0.96,0.97,1.5900000000000034
Radius 5 | Fibre: True | Axis: Y | Norm: Yes,42,0.0,36.08,37.83,0.96,0.97,1.75
Radius 5 | Fibre: True | Axis: Y | Norm: Yes,43,0.0,36.08,37.76,0.96,0.97,1.6799999999999997
Radius 5 | Fibre: True | Axis: Y | Norm: Yes,44,0.0,36.08,37.62,0.96,0.97,1.5399999999999991
Radius 5 | Fibre: True | Axis: Y | Norm: Yes,45,0.0,36.08,37.71,0.96,0.97,1.6300000000000026
Radius 5 | Fibre: True | Axis: Y | Norm: Yes,46,0.0,36.08,37.64,0.96,0.97,1.5600000000000023
Radius 5 | Fibre: True | Axis: Y | Norm: Yes,47,0.0,36.08,37.66,0.96,0.97,1.5799999999999983
Radius 5 | Fibre: True | Axis: Y | Norm: Yes,48,0.0,36.08,37.57,0.96,0.97,1.490000000000002
Radius 5 | Fibre: True | Axis: Y | Norm: Yes,49,0.0,36.08,37.16,0.96,0.96,1.0799999999999983
Radius 5 | Fibre: True | Axis: Y | Norm: Yes,50,0.0,36.08,37.75,0.96,0.97,1.6700000000000017
Radius 5 | Fibre: True | Axis: Z | Norm: Yes,1,0.0005,34.98,35.83,0.95,0.95,0.8500000000000014
Radius 5 | Fibre: True | Axis: Z | Norm: Yes,2,0.0002,34.98,36.09,0.95,0.95,1.1100000000000065
Radius 5 | Fibre: True | Axis: Z | Norm: Yes,3,0.0002,34.98,36.17,0.95,0.95,1.1900000000000048
Radius 5 | Fibre: True | Axis: Z | Norm: Yes,4,0.0002,34.98,36.2,0.95,0.95,1.220000000000006
Radius 5 | Fibre: True | Axis: Z | Norm: Yes,5,0.0002,34.98,36.19,0.95,0.95,1.2100000000000009
Radius 5 | Fibre: True | Axis: Z | Norm: Yes,6,0.0002,34.98,36.11,0.95,0.95,1.1300000000000026
Radius 5 | Fibre: True | Axis: Z | Norm: Yes,7,0.0001,34.98,36.08,0.95,0.95,1.1000000000000014
Radius 5 | Fibre: True | Axis: Z | Norm: Yes,8,0.0001,34.98,36.07,0.95,0.95,1.0900000000000034
Radius 5 | Fibre: True | Axis: Z | Norm: Yes,9,0.0001,34.98,35.96,0.95,0.95,0.980000000000004
Radius 5 | Fibre: True | Axis: Z | Norm: Yes,10,0.0001,34.98,36.0,0.95,0.94,1.0200000000000031
Radius 5 | Fibre: True | Axis: Z | Norm: Yes,11,0.0001,34.98,36.0,0.95,0.95,1.0200000000000031
Radius 5 | Fibre: True | Axis: Z | Norm: Yes,12,0.0001,34.98,35.64,0.95,0.94,0.6600000000000037
Radius 5 | Fibre: True | Axis: Z | Norm: Yes,13,0.0001,34.98,35.89,0.95,0.95,0.9100000000000037
Radius 5 | Fibre: True | Axis: Z | Norm: Yes,14,0.0001,34.98,35.71,0.95,0.94,0.730000000000004
Radius 5 | Fibre: True | Axis: Z | Norm: Yes,15,0.0001,34.98,35.82,0.95,0.94,0.8400000000000034
Radius 5 | Fibre: True | Axis: Z | Norm: Yes,16,0.0001,34.98,35.9,0.95,0.94,0.9200000000000017
Radius 5 | Fibre: True | Axis: Z | Norm: Yes,17,0.0001,34.98,35.94,0.95,0.95,0.9600000000000009
Radius 5 | Fibre: True | Axis: Z | Norm: Yes,18,0.0001,34.98,36.05,0.95,0.95,1.0700000000000003
Radius 5 | Fibre: True | Axis: Z | Norm: Yes,19,0.0001,34.98,35.99,0.95,0.95,1.0100000000000051
Radius 5 | Fibre: True | Axis: Z | Norm: Yes,20,0.0001,34.98,35.99,0.95,0.95,1.0100000000000051
Radius 5 | Fibre: True | Axis: Z | Norm: Yes,21,0.0001,34.98,35.98,0.95,0.95,1.0
Radius 5 | Fibre: True | Axis: Z | Norm: Yes,22,0.0001,34.98,35.85,0.95,0.95,0.8700000000000045
Radius 5 | Fibre: True | Axis: Z | Norm: Yes,23,0.0001,34.98,35.5,0.95,0.94,0.5200000000000031
Radius 5 | Fibre: True | Axis: Z | Norm: Yes,24,0.0001,34.98,35.64,0.95,0.95,0.6600000000000037
Radius 5 | Fibre: True | Axis: Z | Norm: Yes,25,0.0001,34.98,35.69,0.95,0.95,0.7100000000000009
Radius 5 | Fibre: True | Axis: Z | Norm: Yes,26,0.0001,34.98,36.04,0.95,0.95,1.0600000000000023
Radius 5 | Fibre: True | Axis: Z | Norm: Yes,27,0.0001,34.98,35.63,0.95,0.94,0.6500000000000057
Radius 5 | Fibre: True | Axis: Z | Norm: Yes,28,0.0001,34.98,35.64,0.95,0.94,0.6600000000000037
Radius 5 | Fibre: True | Axis: Z | Norm: Yes,29,0.0001,34.98,35.83,0.95,0.95,0.8500000000000014
Radius 5 | Fibre: True | Axis: Z | Norm: Yes,30,0.0001,34.98,35.95,0.95,0.95,0.970000000000006
Radius 5 | Fibre: True | Axis: Z | Norm: Yes,31,0.0001,34.98,35.84,0.95,0.95,0.8600000000000065
Radius 5 | Fibre: True | Axis: Z | Norm: Yes,32,0.0001,34.98,35.76,0.95,0.94,0.7800000000000011
Radius 5 | Fibre: True | Axis: Z | Norm: Yes,33,0.0001,34.98,35.7,0.95,0.94,0.720000000000006
Radius 5 | Fibre: True | Axis: Z | Norm: Yes,34,0.0001,34.98,35.66,0.95,0.94,0.6799999999999997
Radius 5 | Fibre: True | Axis: Z | Norm: Yes,35,0.0001,34.98,35.68,0.95,0.94,0.7000000000000028
Radius 5 | Fibre: True | Axis: Z | Norm: Yes,36,0.0001,34.98,35.72,0.95,0.94,0.740000000000002
Radius 5 | Fibre: True | Axis: Z | Norm: Yes,37,0.0001,34.98,34.26,0.95,0.69,-0.7199999999999989
Radius 5 | Fibre: True | Axis: Z | Norm: Yes,38,0.0001,34.98,35.72,0.95,0.94,0.740000000000002
Radius 5 | Fibre: True | Axis: Z | Norm: Yes,39,0.0001,34.98,35.68,0.95,0.94,0.7000000000000028
Radius 5 | Fibre: True | Axis: Z | Norm: Yes,40,0.0001,34.98,35.73,0.95,0.95,0.75
Radius 5 | Fibre: True | Axis: Z | Norm: Yes,41,0.0001,34.98,35.74,0.95,0.94,0.7600000000000051
Radius 5 | Fibre: True | Axis: Z | Norm: Yes,42,0.0001,34.98,35.7,0.95,0.94,0.720000000000006
Radius 5 | Fibre: True | Axis: Z | Norm: Yes,43,0.0001,34.98,35.69,0.95,0.94,0.7100000000000009
Radius 5 | Fibre: True | Axis: Z | Norm: Yes,44,0.0001,34.98,35.47,0.95,0.94,0.490000000000002
Radius 5 | Fibre: True | Axis: Z | Norm: Yes,45,0.0001,34.98,35.53,0.95,0.94,0.5500000000000043
Radius 5 | Fibre: True | Axis: Z | Norm: Yes,46,0.0001,34.98,35.89,0.95,0.95,0.9100000000000037
Radius 5 | Fibre: True | Axis: Z | Norm: Yes,47,0.0001,34.98,35.92,0.95,0.95,0.9400000000000048
Radius 5 | Fibre: True | Axis: Z | Norm: Yes,48,0.0001,34.98,35.93,0.95,0.95,0.9500000000000028
Radius 5 | Fibre: True | Axis: Z | Norm: Yes,49,0.0001,34.98,35.78,0.95,0.94,0.8000000000000043
Radius 5 | Fibre: True | Axis: Z | Norm: Yes,50,0.0001,34.98,35.89,0.95,0.95,0.9100000000000037
Radius 5 | Fibre: True | Axis: Z | Norm: No,1,27.0976,34.98,31.66,0.95,0.95,-3.3199999999999967
Radius 5 | Fibre: True | Axis: Z | Norm: No,2,13.9067,34.98,36.35,0.95,0.96,1.3700000000000045
Radius 5 | Fibre: True | Axis: Z | Norm: No,3,13.4431,34.98,36.4,0.95,0.96,1.4200000000000017
Radius 5 | Fibre: True | Axis: Z | Norm: No,4,11.4067,34.98,36.31,0.95,0.95,1.3300000000000054
Radius 5 | Fibre: True | Axis: Z | Norm: No,5,10.9034,34.98,36.4,0.95,0.95,1.4200000000000017
Radius 5 | Fibre: True | Axis: Z | Norm: No,6,10.2751,34.98,36.28,0.95,0.95,1.3000000000000043
Radius 5 | Fibre: True | Axis: Z | Norm: No,7,10.1337,34.98,34.47,0.95,0.95,-0.509999999999998
Radius 5 | Fibre: True | Axis: Z | Norm: No,8,9.637,34.98,36.23,0.95,0.95,1.25
Radius 5 | Fibre: True | Axis: Z | Norm: No,9,9.7796,34.98,36.25,0.95,0.95,1.2700000000000031
Radius 5 | Fibre: True | Axis: Z | Norm: No,10,9.1193,34.98,36.41,0.95,0.95,1.4299999999999997
Radius 5 | Fibre: True | Axis: Z | Norm: No,11,9.2329,34.98,36.23,0.95,0.95,1.25
Radius 5 | Fibre: True | Axis: Z | Norm: No,12,9.0717,34.98,36.29,0.95,0.95,1.3100000000000023
Radius 5 | Fibre: True | Axis: Z | Norm: No,13,9.9335,34.98,36.35,0.95,0.96,1.3700000000000045
Radius 5 | Fibre: True | Axis: Z | Norm: No,14,9.0433,34.98,36.1,0.95,0.95,1.1200000000000045
Radius 5 | Fibre: True | Axis: Z | Norm: No,15,8.8319,34.98,30.1,0.95,0.94,-4.8799999999999955
Radius 5 | Fibre: True | Axis: Z | Norm: No,16,8.6382,34.98,33.55,0.95,0.95,-1.4299999999999997
Radius 5 | Fibre: True | Axis: Z | Norm: No,17,8.224,34.98,32.94,0.95,0.95,-2.039999999999999
Radius 5 | Fibre: True | Axis: Z | Norm: No,18,8.4498,34.98,36.02,0.95,0.94,1.0400000000000063
Radius 5 | Fibre: True | Axis: Z | Norm: No,19,8.0984,34.98,36.0,0.95,0.95,1.0200000000000031
Radius 5 | Fibre: True | Axis: Z | Norm: No,20,7.9568,34.98,36.06,0.95,0.95,1.0800000000000054
Radius 5 | Fibre: True | Axis: Z | Norm: No,21,7.9672,34.98,36.32,0.95,0.95,1.3400000000000034
Radius 5 | Fibre: True | Axis: Z | Norm: No,22,8.0786,34.98,36.11,0.95,0.95,1.1300000000000026
Radius 5 | Fibre: True | Axis: Z | Norm: No,23,7.5459,34.98,36.02,0.95,0.95,1.0400000000000063
Radius 5 | Fibre: True | Axis: Z | Norm: No,24,7.9767,34.98,36.4,0.95,0.96,1.4200000000000017
Radius 5 | Fibre: True | Axis: Z | Norm: No,25,7.6798,34.98,36.03,0.95,0.95,1.0500000000000043
Radius 5 | Fibre: True | Axis: Z | Norm: No,26,7.447,34.98,35.9,0.95,0.95,0.9200000000000017
Radius 5 | Fibre: True | Axis: Z | Norm: No,27,7.5535,34.98,35.88,0.95,0.95,0.9000000000000057
Radius 5 | Fibre: True | Axis: Z | Norm: No,28,7.458,34.98,35.94,0.95,0.94,0.9600000000000009
Radius 5 | Fibre: True | Axis: Z | Norm: No,29,7.2881,34.98,36.1,0.95,0.95,1.1200000000000045
Radius 5 | Fibre: True | Axis: Z | Norm: No,30,7.1838,34.98,36.14,0.95,0.95,1.1600000000000037
Radius 5 | Fibre: True | Axis: Z | Norm: No,31,7.1715,34.98,36.0,0.95,0.95,1.0200000000000031
Radius 5 | Fibre: True | Axis: Z | Norm: No,32,7.6705,34.98,36.2,0.95,0.95,1.220000000000006
Radius 5 | Fibre: True | Axis: Z | Norm: No,33,7.0633,34.98,35.96,0.95,0.95,0.980000000000004
Radius 5 | Fibre: True | Axis: Z | Norm: No,34,7.1093,34.98,36.27,0.95,0.95,1.2900000000000063
Radius 5 | Fibre: True | Axis: Z | Norm: No,35,7.2633,34.98,36.07,0.95,0.95,1.0900000000000034
Radius 5 | Fibre: True | Axis: Z | Norm: No,36,6.8831,34.98,36.04,0.95,0.95,1.0600000000000023
Radius 5 | Fibre: True | Axis: Z | Norm: No,37,7.0267,34.98,36.01,0.95,0.94,1.0300000000000011
Radius 5 | Fibre: True | Axis: Z | Norm: No,38,6.7524,34.98,36.06,0.95,0.95,1.0800000000000054
Radius 5 | Fibre: True | Axis: Z | Norm: No,39,6.7649,34.98,35.99,0.95,0.94,1.0100000000000051
Radius 5 | Fibre: True | Axis: Z | Norm: No,40,6.7343,34.98,36.01,0.95,0.95,1.0300000000000011
Radius 5 | Fibre: True | Axis: Z | Norm: No,41,7.1114,34.98,35.98,0.95,0.95,1.0
Radius 5 | Fibre: True | Axis: Z | Norm: No,42,6.5507,34.98,35.05,0.95,0.95,0.07000000000000028
Radius 5 | Fibre: True | Axis: Z | Norm: No,43,6.8917,34.98,36.08,0.95,0.95,1.1000000000000014
Radius 5 | Fibre: True | Axis: Z | Norm: No,44,6.5881,34.98,36.05,0.95,0.95,1.0700000000000003
Radius 5 | Fibre: True | Axis: Z | Norm: No,45,6.5653,34.98,35.91,0.95,0.94,0.9299999999999997
Radius 5 | Fibre: True | Axis: Z | Norm: No,46,6.6892,34.98,35.87,0.95,0.94,0.8900000000000006
Radius 5 | Fibre: True | Axis: Z | Norm: No,47,6.4631,34.98,35.93,0.95,0.94,0.9500000000000028
Radius 5 | Fibre: True | Axis: Z | Norm: No,48,6.6058,34.98,35.82,0.95,0.95,0.8400000000000034
Radius 5 | Fibre: True | Axis: Z | Norm: No,49,6.6974,34.98,35.79,0.95,0.95,0.8100000000000023
Radius 5 | Fibre: True | Axis: Z | Norm: No,50,6.5622,34.98,35.92,0.95,0.95,0.9400000000000048
